,date,areaName,areaCode,newCasesByPublishDate,cumCasesByPublishDate,newDeaths28DaysByDeathDate,cumDeaths28DaysByDeathDate,hospitalCases
0,2022-08-03,Exeter,E07000041,154.0,45365.0,,,
1,2022-08-02,Exeter,E07000041,0.0,45211.0,,,
2,2022-08-01,Exeter,E07000041,0.0,45211.0,0.0,202.0,
3,2022-07-31,Exeter,E07000041,0.0,45211.0,0.0,202.0,
4,2022-07-30,Exeter,E07000041,0.0,45211.0,0.0,202.0,
5,2022-07-29,Exeter,E07000041,0.0,45211.0,0.0,202.0,
6,2022-07-28,Exeter,E07000041,0.0,45211.0,0.0,202.0,
7,2022-07-27,Exeter,E07000041,210.0,45211.0,1.0,202.0,
8,2022-07-26,Exeter,E07000041,0.0,45001.0,0.0,201.0,
9,2022-07-25,Exeter,E07000041,0.0,45001.0,0.0,201.0,
10,2022-07-24,Exeter,E07000041,0.0,45001.0,1.0,201.0,
11,2022-07-23,Exeter,E07000041,0.0,45001.0,0.0,200.0,
12,2022-07-22,Exeter,E07000041,0.0,45001.0,0.0,200.0,
13,2022-07-21,Exeter,E07000041,0.0,45001.0,0.0,200.0,
14,2022-07-20,Exeter,E07000041,346.0,45001.0,0.0,200.0,
15,2022-07-19,Exeter,E07000041,0.0,44655.0,0.0,200.0,
16,2022-07-18,Exeter,E07000041,0.0,44655.0,0.0,200.0,
17,2022-07-17,Exeter,E07000041,0.0,44655.0,0.0,200.0,
18,2022-07-16,Exeter,E07000041,0.0,44655.0,0.0,200.0,
19,2022-07-15,Exeter,E07000041,0.0,44655.0,1.0,200.0,
20,2022-07-14,Exeter,E07000041,0.0,44655.0,1.0,199.0,
21,2022-07-13,Exeter,E07000041,494.0,44655.0,0.0,198.0,
22,2022-07-12,Exeter,E07000041,0.0,44161.0,0.0,198.0,
23,2022-07-11,Exeter,E07000041,0.0,44161.0,0.0,198.0,
24,2022-07-10,Exeter,E07000041,0.0,44161.0,0.0,198.0,
25,2022-07-09,Exeter,E07000041,0.0,44161.0,1.0,198.0,
26,2022-07-08,Exeter,E07000041,0.0,44161.0,0.0,197.0,
27,2022-07-07,Exeter,E07000041,0.0,44161.0,0.0,197.0,
28,2022-07-06,Exeter,E07000041,382.0,44161.0,1.0,197.0,
29,2022-07-05,Exeter,E07000041,0.0,43779.0,0.0,196.0,
30,2022-07-04,Exeter,E07000041,0.0,43779.0,1.0,196.0,
31,2022-07-03,Exeter,E07000041,0.0,43779.0,0.0,195.0,
32,2022-07-02,Exeter,E07000041,0.0,43779.0,0.0,195.0,
33,2022-07-01,Exeter,E07000041,61.0,43779.0,1.0,195.0,
34,2022-06-30,Exeter,E07000041,68.0,43718.0,0.0,194.0,
35,2022-06-29,Exeter,E07000041,86.0,43650.0,0.0,194.0,
36,2022-06-28,Exeter,E07000041,67.0,43564.0,0.0,194.0,
37,2022-06-27,Exeter,E07000041,117.0,43497.0,1.0,194.0,
38,2022-06-26,Exeter,E07000041,0.0,43380.0,0.0,193.0,
39,2022-06-25,Exeter,E07000041,0.0,43380.0,0.0,193.0,
40,2022-06-24,Exeter,E07000041,35.0,43380.0,0.0,193.0,
41,2022-06-23,Exeter,E07000041,45.0,43345.0,0.0,193.0,
42,2022-06-22,Exeter,E07000041,43.0,43300.0,0.0,193.0,
43,2022-06-21,Exeter,E07000041,32.0,43257.0,0.0,193.0,
44,2022-06-20,Exeter,E07000041,96.0,43225.0,0.0,193.0,
45,2022-06-19,Exeter,E07000041,0.0,43129.0,0.0,193.0,
46,2022-06-18,Exeter,E07000041,0.0,43129.0,0.0,193.0,
47,2022-06-17,Exeter,E07000041,39.0,43129.0,0.0,193.0,
48,2022-06-16,Exeter,E07000041,45.0,43090.0,0.0,193.0,
49,2022-06-15,Exeter,E07000041,29.0,43045.0,0.0,193.0,
50,2022-06-14,Exeter,E07000041,33.0,43016.0,0.0,193.0,
51,2022-06-13,Exeter,E07000041,95.0,42983.0,0.0,193.0,
52,2022-06-12,Exeter,E07000041,0.0,42888.0,0.0,193.0,
53,2022-06-11,Exeter,E07000041,0.0,42888.0,0.0,193.0,
54,2022-06-10,Exeter,E07000041,24.0,42888.0,0.0,193.0,
55,2022-06-09,Exeter,E07000041,21.0,42864.0,0.0,193.0,
56,2022-06-08,Exeter,E07000041,17.0,42843.0,1.0,193.0,
57,2022-06-07,Exeter,E07000041,24.0,42826.0,0.0,192.0,
58,2022-06-06,Exeter,E07000041,73.0,42802.0,0.0,192.0,
59,2022-06-05,Exeter,E07000041,0.0,42729.0,0.0,192.0,
60,2022-06-04,Exeter,E07000041,0.0,42729.0,0.0,192.0,
61,2022-06-03,Exeter,E07000041,0.0,42729.0,0.0,192.0,
62,2022-06-02,Exeter,E07000041,0.0,42729.0,0.0,192.0,
63,2022-06-01,Exeter,E07000041,22.0,42729.0,0.0,192.0,
64,2022-05-31,Exeter,E07000041,14.0,42707.0,0.0,192.0,
65,2022-05-30,Exeter,E07000041,38.0,42693.0,0.0,192.0,
66,2022-05-29,Exeter,E07000041,0.0,42655.0,0.0,192.0,
67,2022-05-28,Exeter,E07000041,0.0,42655.0,0.0,192.0,
68,2022-05-27,Exeter,E07000041,16.0,42655.0,0.0,192.0,
69,2022-05-26,Exeter,E07000041,18.0,42639.0,0.0,192.0,
70,2022-05-25,Exeter,E07000041,13.0,42621.0,0.0,192.0,
71,2022-05-24,Exeter,E07000041,16.0,42608.0,0.0,192.0,
72,2022-05-23,Exeter,E07000041,42.0,42592.0,0.0,192.0,
73,2022-05-22,Exeter,E07000041,0.0,42550.0,0.0,192.0,
74,2022-05-21,Exeter,E07000041,0.0,42550.0,0.0,192.0,
75,2022-05-20,Exeter,E07000041,10.0,42550.0,0.0,192.0,
76,2022-05-19,Exeter,E07000041,18.0,42540.0,0.0,192.0,
77,2022-05-18,Exeter,E07000041,22.0,42522.0,0.0,192.0,
78,2022-05-17,Exeter,E07000041,20.0,42500.0,0.0,192.0,
79,2022-05-16,Exeter,E07000041,51.0,42480.0,0.0,192.0,
80,2022-05-15,Exeter,E07000041,0.0,42429.0,0.0,192.0,
81,2022-05-14,Exeter,E07000041,0.0,42429.0,0.0,192.0,
82,2022-05-13,Exeter,E07000041,13.0,42429.0,1.0,192.0,
83,2022-05-12,Exeter,E07000041,31.0,42416.0,0.0,191.0,
84,2022-05-11,Exeter,E07000041,27.0,42385.0,0.0,191.0,
85,2022-05-10,Exeter,E07000041,24.0,42358.0,0.0,191.0,
86,2022-05-09,Exeter,E07000041,66.0,42334.0,0.0,191.0,
87,2022-05-08,Exeter,E07000041,0.0,42268.0,1.0,191.0,
88,2022-05-07,Exeter,E07000041,0.0,42268.0,2.0,190.0,
89,2022-05-06,Exeter,E07000041,23.0,42268.0,0.0,188.0,
90,2022-05-05,Exeter,E07000041,37.0,42245.0,1.0,188.0,
91,2022-05-04,Exeter,E07000041,45.0,42208.0,0.0,187.0,
92,2022-05-03,Exeter,E07000041,92.0,42163.0,0.0,187.0,
93,2022-05-02,Exeter,E07000041,0.0,42071.0,0.0,187.0,
94,2022-05-01,Exeter,E07000041,0.0,42071.0,2.0,187.0,
95,2022-04-30,Exeter,E07000041,0.0,42071.0,0.0,185.0,
96,2022-04-29,Exeter,E07000041,26.0,42071.0,0.0,185.0,
97,2022-04-28,Exeter,E07000041,34.0,42045.0,1.0,185.0,
98,2022-04-27,Exeter,E07000041,100.0,42011.0,1.0,184.0,
99,2022-04-26,Exeter,E07000041,0.0,41911.0,0.0,183.0,
100,2022-04-25,Exeter,E07000041,126.0,41911.0,0.0,183.0,
101,2022-04-24,Exeter,E07000041,0.0,41785.0,0.0,183.0,
102,2022-04-23,Exeter,E07000041,0.0,41785.0,0.0,183.0,
103,2022-04-22,Exeter,E07000041,44.0,41785.0,1.0,183.0,
104,2022-04-21,Exeter,E07000041,53.0,41741.0,0.0,182.0,
105,2022-04-20,Exeter,E07000041,63.0,41688.0,1.0,182.0,
106,2022-04-19,Exeter,E07000041,254.0,41625.0,0.0,181.0,
107,2022-04-18,Exeter,E07000041,0.0,41371.0,0.0,181.0,
108,2022-04-17,Exeter,E07000041,0.0,41371.0,0.0,181.0,
109,2022-04-16,Exeter,E07000041,0.0,41371.0,0.0,181.0,
110,2022-04-15,Exeter,E07000041,0.0,41371.0,0.0,181.0,
111,2022-04-14,Exeter,E07000041,103.0,41371.0,1.0,181.0,
112,2022-04-13,Exeter,E07000041,78.0,41268.0,0.0,180.0,
113,2022-04-12,Exeter,E07000041,117.0,41190.0,0.0,180.0,
114,2022-04-11,Exeter,E07000041,212.0,41073.0,0.0,180.0,
115,2022-04-10,Exeter,E07000041,0.0,40861.0,0.0,180.0,
116,2022-04-09,Exeter,E07000041,0.0,40861.0,1.0,180.0,
117,2022-04-08,Exeter,E07000041,132.0,40861.0,0.0,179.0,
118,2022-04-07,Exeter,E07000041,104.0,40729.0,1.0,179.0,
119,2022-04-06,Exeter,E07000041,132.0,40625.0,2.0,178.0,
120,2022-04-05,Exeter,E07000041,144.0,40493.0,0.0,176.0,
121,2022-04-04,Exeter,E07000041,444.0,40349.0,0.0,176.0,
122,2022-04-03,Exeter,E07000041,0.0,39905.0,0.0,176.0,
123,2022-04-02,Exeter,E07000041,0.0,39905.0,0.0,176.0,
124,2022-04-01,Exeter,E07000041,186.0,39905.0,0.0,176.0,
125,2022-03-31,Exeter,E07000041,223.0,39719.0,1.0,176.0,
126,2022-03-30,Exeter,E07000041,264.0,39496.0,1.0,175.0,
127,2022-03-29,Exeter,E07000041,179.0,39232.0,0.0,174.0,
128,2022-03-28,Exeter,E07000041,528.0,39053.0,0.0,174.0,
129,2022-03-27,Exeter,E07000041,0.0,38525.0,2.0,174.0,
130,2022-03-26,Exeter,E07000041,0.0,38525.0,0.0,172.0,
131,2022-03-25,Exeter,E07000041,222.0,38525.0,1.0,172.0,
132,2022-03-24,Exeter,E07000041,305.0,38303.0,1.0,171.0,
133,2022-03-23,Exeter,E07000041,261.0,37998.0,0.0,170.0,
134,2022-03-22,Exeter,E07000041,217.0,37737.0,0.0,170.0,
135,2022-03-21,Exeter,E07000041,576.0,37520.0,0.0,170.0,
136,2022-03-20,Exeter,E07000041,0.0,36944.0,0.0,170.0,
137,2022-03-19,Exeter,E07000041,0.0,36944.0,0.0,170.0,
138,2022-03-18,Exeter,E07000041,248.0,36944.0,0.0,170.0,
139,2022-03-17,Exeter,E07000041,229.0,36696.0,1.0,170.0,
140,2022-03-16,Exeter,E07000041,187.0,36467.0,0.0,169.0,
141,2022-03-15,Exeter,E07000041,270.0,36280.0,0.0,169.0,
142,2022-03-14,Exeter,E07000041,522.0,36010.0,1.0,169.0,
143,2022-03-13,Exeter,E07000041,0.0,35488.0,2.0,168.0,
144,2022-03-12,Exeter,E07000041,0.0,35488.0,0.0,166.0,
145,2022-03-11,Exeter,E07000041,214.0,35488.0,1.0,166.0,
146,2022-03-10,Exeter,E07000041,192.0,35274.0,1.0,165.0,
147,2022-03-09,Exeter,E07000041,158.0,35082.0,0.0,164.0,
148,2022-03-08,Exeter,E07000041,166.0,34924.0,0.0,164.0,
149,2022-03-07,Exeter,E07000041,281.0,34758.0,1.0,164.0,
150,2022-03-06,Exeter,E07000041,0.0,34477.0,1.0,163.0,
151,2022-03-05,Exeter,E07000041,0.0,34477.0,1.0,162.0,
152,2022-03-04,Exeter,E07000041,114.0,34477.0,0.0,161.0,
153,2022-03-03,Exeter,E07000041,118.0,34363.0,0.0,161.0,
154,2022-03-02,Exeter,E07000041,94.0,34245.0,0.0,161.0,
155,2022-03-01,Exeter,E07000041,102.0,34151.0,0.0,161.0,
156,2022-02-28,Exeter,E07000041,182.0,34049.0,0.0,161.0,
157,2022-02-27,Exeter,E07000041,0.0,33867.0,0.0,161.0,
158,2022-02-26,Exeter,E07000041,0.0,33867.0,0.0,161.0,
159,2022-02-25,Exeter,E07000041,88.0,33867.0,0.0,161.0,
160,2022-02-24,Exeter,E07000041,81.0,33779.0,0.0,161.0,
161,2022-02-23,Exeter,E07000041,97.0,33698.0,0.0,161.0,
162,2022-02-22,Exeter,E07000041,104.0,33601.0,0.0,161.0,
163,2022-02-21,Exeter,E07000041,92.0,33497.0,1.0,161.0,
164,2022-02-20,Exeter,E07000041,90.0,33405.0,0.0,160.0,
165,2022-02-19,Exeter,E07000041,113.0,33315.0,0.0,160.0,
166,2022-02-18,Exeter,E07000041,132.0,33202.0,1.0,160.0,
167,2022-02-17,Exeter,E07000041,176.0,33070.0,0.0,159.0,
168,2022-02-16,Exeter,E07000041,183.0,32894.0,0.0,159.0,
169,2022-02-15,Exeter,E07000041,142.0,32711.0,0.0,159.0,
170,2022-02-14,Exeter,E07000041,106.0,32569.0,0.0,159.0,
171,2022-02-13,Exeter,E07000041,103.0,32463.0,1.0,159.0,
172,2022-02-12,Exeter,E07000041,142.0,32360.0,0.0,158.0,
173,2022-02-11,Exeter,E07000041,172.0,32218.0,0.0,158.0,
174,2022-02-10,Exeter,E07000041,236.0,32046.0,1.0,158.0,
175,2022-02-09,Exeter,E07000041,184.0,31810.0,0.0,157.0,
176,2022-02-08,Exeter,E07000041,194.0,31626.0,0.0,157.0,
177,2022-02-07,Exeter,E07000041,171.0,31432.0,0.0,157.0,
178,2022-02-06,Exeter,E07000041,186.0,31261.0,0.0,157.0,
179,2022-02-05,Exeter,E07000041,201.0,31075.0,0.0,157.0,
180,2022-02-04,Exeter,E07000041,280.0,30874.0,0.0,157.0,
181,2022-02-03,Exeter,E07000041,338.0,30594.0,1.0,157.0,
182,2022-02-02,Exeter,E07000041,299.0,30256.0,0.0,156.0,
183,2022-02-01,Exeter,E07000041,380.0,29957.0,0.0,156.0,
184,2022-01-31,Exeter,E07000041,1292.0,29577.0,0.0,156.0,
185,2022-01-30,Exeter,E07000041,245.0,28285.0,0.0,156.0,
186,2022-01-29,Exeter,E07000041,309.0,28040.0,1.0,156.0,
187,2022-01-28,Exeter,E07000041,311.0,27731.0,0.0,155.0,
188,2022-01-27,Exeter,E07000041,295.0,27420.0,1.0,155.0,
189,2022-01-26,Exeter,E07000041,337.0,27125.0,0.0,154.0,
190,2022-01-25,Exeter,E07000041,252.0,26788.0,0.0,154.0,
191,2022-01-24,Exeter,E07000041,236.0,26536.0,1.0,154.0,
192,2022-01-23,Exeter,E07000041,222.0,26300.0,0.0,153.0,
193,2022-01-22,Exeter,E07000041,187.0,26078.0,0.0,153.0,
194,2022-01-21,Exeter,E07000041,243.0,25891.0,0.0,153.0,
195,2022-01-20,Exeter,E07000041,234.0,25648.0,0.0,153.0,
196,2022-01-19,Exeter,E07000041,226.0,25414.0,1.0,153.0,
197,2022-01-18,Exeter,E07000041,217.0,25188.0,0.0,152.0,
198,2022-01-17,Exeter,E07000041,166.0,24971.0,0.0,152.0,
199,2022-01-16,Exeter,E07000041,122.0,24805.0,0.0,152.0,
200,2022-01-15,Exeter,E07000041,147.0,24683.0,0.0,152.0,
201,2022-01-14,Exeter,E07000041,162.0,24536.0,0.0,152.0,
202,2022-01-13,Exeter,E07000041,175.0,24374.0,0.0,152.0,
203,2022-01-12,Exeter,E07000041,216.0,24199.0,0.0,152.0,
204,2022-01-11,Exeter,E07000041,172.0,23983.0,0.0,152.0,
205,2022-01-10,Exeter,E07000041,191.0,23811.0,0.0,152.0,
206,2022-01-09,Exeter,E07000041,174.0,23620.0,0.0,152.0,
207,2022-01-08,Exeter,E07000041,210.0,23446.0,0.0,152.0,
208,2022-01-07,Exeter,E07000041,213.0,23236.0,0.0,152.0,
209,2022-01-06,Exeter,E07000041,327.0,23023.0,0.0,152.0,
210,2022-01-05,Exeter,E07000041,274.0,22696.0,0.0,152.0,
211,2022-01-04,Exeter,E07000041,297.0,22422.0,0.0,152.0,
212,2022-01-03,Exeter,E07000041,181.0,22125.0,1.0,152.0,
213,2022-01-02,Exeter,E07000041,156.0,21944.0,0.0,151.0,
214,2022-01-01,Exeter,E07000041,228.0,21788.0,0.0,151.0,
215,2021-12-31,Exeter,E07000041,296.0,21560.0,0.0,151.0,
216,2021-12-30,Exeter,E07000041,165.0,21264.0,0.0,151.0,
217,2021-12-29,Exeter,E07000041,211.0,21099.0,0.0,151.0,
218,2021-12-28,Exeter,E07000041,239.0,20888.0,0.0,151.0,
219,2021-12-27,Exeter,E07000041,55.0,20649.0,1.0,151.0,
220,2021-12-26,Exeter,E07000041,150.0,20594.0,0.0,150.0,
221,2021-12-25,Exeter,E07000041,155.0,20444.0,1.0,150.0,
222,2021-12-24,Exeter,E07000041,197.0,20289.0,2.0,149.0,
223,2021-12-23,Exeter,E07000041,170.0,20092.0,0.0,147.0,
224,2021-12-22,Exeter,E07000041,103.0,19922.0,1.0,147.0,
225,2021-12-21,Exeter,E07000041,125.0,19819.0,0.0,146.0,
226,2021-12-20,Exeter,E07000041,119.0,19694.0,0.0,146.0,
227,2021-12-19,Exeter,E07000041,103.0,19575.0,0.0,146.0,
228,2021-12-18,Exeter,E07000041,111.0,19472.0,3.0,146.0,
229,2021-12-17,Exeter,E07000041,172.0,19361.0,1.0,143.0,
230,2021-12-16,Exeter,E07000041,96.0,19189.0,0.0,142.0,
231,2021-12-15,Exeter,E07000041,114.0,19093.0,0.0,142.0,
232,2021-12-14,Exeter,E07000041,102.0,18979.0,0.0,142.0,
233,2021-12-13,Exeter,E07000041,97.0,18877.0,0.0,142.0,
234,2021-12-12,Exeter,E07000041,64.0,18780.0,0.0,142.0,
235,2021-12-11,Exeter,E07000041,124.0,18716.0,0.0,142.0,
236,2021-12-10,Exeter,E07000041,108.0,18592.0,0.0,142.0,
237,2021-12-09,Exeter,E07000041,129.0,18484.0,0.0,142.0,
238,2021-12-08,Exeter,E07000041,93.0,18355.0,0.0,142.0,
239,2021-12-07,Exeter,E07000041,133.0,18262.0,0.0,142.0,
240,2021-12-06,Exeter,E07000041,106.0,18129.0,0.0,142.0,
241,2021-12-05,Exeter,E07000041,106.0,18023.0,0.0,142.0,
242,2021-12-04,Exeter,E07000041,123.0,17917.0,0.0,142.0,
243,2021-12-03,Exeter,E07000041,155.0,17794.0,0.0,142.0,
244,2021-12-02,Exeter,E07000041,127.0,17639.0,0.0,142.0,
245,2021-12-01,Exeter,E07000041,128.0,17512.0,0.0,142.0,
246,2021-11-30,Exeter,E07000041,119.0,17384.0,0.0,142.0,
247,2021-11-29,Exeter,E07000041,110.0,17265.0,0.0,142.0,
248,2021-11-28,Exeter,E07000041,76.0,17155.0,0.0,142.0,
249,2021-11-27,Exeter,E07000041,107.0,17079.0,0.0,142.0,
250,2021-11-26,Exeter,E07000041,105.0,16972.0,0.0,142.0,
251,2021-11-25,Exeter,E07000041,110.0,16867.0,0.0,142.0,
252,2021-11-24,Exeter,E07000041,141.0,16757.0,0.0,142.0,
253,2021-11-23,Exeter,E07000041,93.0,16616.0,1.0,142.0,
254,2021-11-22,Exeter,E07000041,90.0,16523.0,1.0,141.0,
255,2021-11-21,Exeter,E07000041,106.0,16433.0,0.0,140.0,
256,2021-11-20,Exeter,E07000041,74.0,16327.0,1.0,140.0,
257,2021-11-19,Exeter,E07000041,108.0,16253.0,1.0,139.0,
258,2021-11-18,Exeter,E07000041,133.0,16145.0,0.0,138.0,
259,2021-11-17,Exeter,E07000041,82.0,16012.0,0.0,138.0,
260,2021-11-16,Exeter,E07000041,107.0,15930.0,0.0,138.0,
261,2021-11-15,Exeter,E07000041,81.0,15823.0,0.0,138.0,
262,2021-11-14,Exeter,E07000041,83.0,15742.0,0.0,138.0,
263,2021-11-13,Exeter,E07000041,93.0,15659.0,0.0,138.0,
264,2021-11-12,Exeter,E07000041,87.0,15566.0,0.0,138.0,
265,2021-11-11,Exeter,E07000041,85.0,15479.0,0.0,138.0,
266,2021-11-10,Exeter,E07000041,100.0,15394.0,1.0,138.0,
267,2021-11-09,Exeter,E07000041,83.0,15294.0,1.0,137.0,
268,2021-11-08,Exeter,E07000041,76.0,15211.0,0.0,136.0,
269,2021-11-07,Exeter,E07000041,76.0,15135.0,0.0,136.0,
270,2021-11-06,Exeter,E07000041,61.0,15059.0,0.0,136.0,
271,2021-11-05,Exeter,E07000041,84.0,14998.0,0.0,136.0,
272,2021-11-04,Exeter,E07000041,65.0,14914.0,0.0,136.0,
273,2021-11-03,Exeter,E07000041,83.0,14849.0,0.0,136.0,
274,2021-11-02,Exeter,E07000041,57.0,14766.0,1.0,136.0,
275,2021-11-01,Exeter,E07000041,67.0,14709.0,0.0,135.0,
276,2021-10-31,Exeter,E07000041,85.0,14642.0,0.0,135.0,
277,2021-10-30,Exeter,E07000041,97.0,14557.0,1.0,135.0,
278,2021-10-29,Exeter,E07000041,75.0,14460.0,1.0,134.0,
279,2021-10-28,Exeter,E07000041,91.0,14385.0,1.0,133.0,
280,2021-10-27,Exeter,E07000041,75.0,14294.0,0.0,132.0,
281,2021-10-26,Exeter,E07000041,73.0,14219.0,0.0,132.0,
282,2021-10-25,Exeter,E07000041,53.0,14146.0,0.0,132.0,
283,2021-10-24,Exeter,E07000041,91.0,14093.0,0.0,132.0,
284,2021-10-23,Exeter,E07000041,97.0,14002.0,0.0,132.0,
285,2021-10-22,Exeter,E07000041,79.0,13905.0,0.0,132.0,
286,2021-10-21,Exeter,E07000041,72.0,13826.0,0.0,132.0,
287,2021-10-20,Exeter,E07000041,83.0,13754.0,0.0,132.0,
288,2021-10-19,Exeter,E07000041,80.0,13671.0,0.0,132.0,
289,2021-10-18,Exeter,E07000041,80.0,13591.0,0.0,132.0,
290,2021-10-17,Exeter,E07000041,62.0,13511.0,0.0,132.0,
291,2021-10-16,Exeter,E07000041,71.0,13449.0,0.0,132.0,
292,2021-10-15,Exeter,E07000041,45.0,13378.0,0.0,132.0,
293,2021-10-14,Exeter,E07000041,59.0,13333.0,0.0,132.0,
294,2021-10-13,Exeter,E07000041,56.0,13274.0,0.0,132.0,
295,2021-10-12,Exeter,E07000041,82.0,13218.0,1.0,132.0,
296,2021-10-11,Exeter,E07000041,52.0,13136.0,0.0,131.0,
297,2021-10-10,Exeter,E07000041,63.0,13084.0,0.0,131.0,
298,2021-10-09,Exeter,E07000041,65.0,13021.0,0.0,131.0,
299,2021-10-08,Exeter,E07000041,64.0,12956.0,0.0,131.0,
300,2021-10-07,Exeter,E07000041,61.0,12892.0,2.0,131.0,
301,2021-10-06,Exeter,E07000041,64.0,12831.0,1.0,129.0,
302,2021-10-05,Exeter,E07000041,73.0,12767.0,0.0,128.0,
303,2021-10-04,Exeter,E07000041,56.0,12694.0,0.0,128.0,
304,2021-10-03,Exeter,E07000041,38.0,12638.0,0.0,128.0,
305,2021-10-02,Exeter,E07000041,56.0,12600.0,0.0,128.0,
306,2021-10-01,Exeter,E07000041,69.0,12544.0,0.0,128.0,
307,2021-09-30,Exeter,E07000041,43.0,12475.0,0.0,128.0,
308,2021-09-29,Exeter,E07000041,80.0,12432.0,0.0,128.0,
309,2021-09-28,Exeter,E07000041,58.0,12352.0,1.0,128.0,
310,2021-09-27,Exeter,E07000041,59.0,12294.0,0.0,127.0,
311,2021-09-26,Exeter,E07000041,40.0,12235.0,1.0,127.0,
312,2021-09-25,Exeter,E07000041,34.0,12195.0,0.0,126.0,
313,2021-09-24,Exeter,E07000041,60.0,12161.0,0.0,126.0,
314,2021-09-23,Exeter,E07000041,59.0,12101.0,0.0,126.0,
315,2021-09-22,Exeter,E07000041,30.0,12042.0,0.0,126.0,
316,2021-09-21,Exeter,E07000041,56.0,12012.0,0.0,126.0,
317,2021-09-20,Exeter,E07000041,39.0,11956.0,0.0,126.0,
318,2021-09-19,Exeter,E07000041,42.0,11917.0,0.0,126.0,
319,2021-09-18,Exeter,E07000041,57.0,11875.0,0.0,126.0,
320,2021-09-17,Exeter,E07000041,43.0,11818.0,0.0,126.0,
321,2021-09-16,Exeter,E07000041,31.0,11775.0,1.0,126.0,
322,2021-09-15,Exeter,E07000041,42.0,11744.0,1.0,125.0,
323,2021-09-14,Exeter,E07000041,55.0,11702.0,1.0,124.0,
324,2021-09-13,Exeter,E07000041,28.0,11647.0,0.0,123.0,
325,2021-09-12,Exeter,E07000041,50.0,11619.0,0.0,123.0,
326,2021-09-11,Exeter,E07000041,33.0,11569.0,0.0,123.0,
327,2021-09-10,Exeter,E07000041,58.0,11536.0,0.0,123.0,
328,2021-09-09,Exeter,E07000041,43.0,11478.0,0.0,123.0,
329,2021-09-08,Exeter,E07000041,56.0,11435.0,0.0,123.0,
330,2021-09-07,Exeter,E07000041,58.0,11379.0,1.0,123.0,
331,2021-09-06,Exeter,E07000041,51.0,11321.0,1.0,122.0,
332,2021-09-05,Exeter,E07000041,102.0,11270.0,0.0,121.0,
333,2021-09-04,Exeter,E07000041,68.0,11168.0,0.0,121.0,
334,2021-09-03,Exeter,E07000041,81.0,11100.0,0.0,121.0,
335,2021-09-02,Exeter,E07000041,60.0,11019.0,0.0,121.0,
336,2021-09-01,Exeter,E07000041,52.0,10959.0,1.0,121.0,
337,2021-08-31,Exeter,E07000041,47.0,10907.0,1.0,120.0,
338,2021-08-30,Exeter,E07000041,56.0,10860.0,1.0,119.0,
339,2021-08-29,Exeter,E07000041,52.0,10804.0,1.0,118.0,
340,2021-08-28,Exeter,E07000041,71.0,10752.0,1.0,117.0,
341,2021-08-27,Exeter,E07000041,74.0,10681.0,0.0,116.0,
342,2021-08-26,Exeter,E07000041,95.0,10607.0,0.0,116.0,
343,2021-08-25,Exeter,E07000041,95.0,10512.0,0.0,116.0,
344,2021-08-24,Exeter,E07000041,85.0,10417.0,0.0,116.0,
345,2021-08-23,Exeter,E07000041,108.0,10332.0,0.0,116.0,
346,2021-08-22,Exeter,E07000041,89.0,10224.0,0.0,116.0,
347,2021-08-21,Exeter,E07000041,116.0,10135.0,0.0,116.0,
348,2021-08-20,Exeter,E07000041,141.0,10019.0,0.0,116.0,
349,2021-08-19,Exeter,E07000041,151.0,9878.0,0.0,116.0,
350,2021-08-18,Exeter,E07000041,117.0,9727.0,0.0,116.0,
351,2021-08-17,Exeter,E07000041,76.0,9610.0,0.0,116.0,
352,2021-08-16,Exeter,E07000041,66.0,9534.0,0.0,116.0,
353,2021-08-15,Exeter,E07000041,94.0,9468.0,0.0,116.0,
354,2021-08-14,Exeter,E07000041,89.0,9374.0,0.0,116.0,
355,2021-08-13,Exeter,E07000041,121.0,9285.0,0.0,116.0,
356,2021-08-12,Exeter,E07000041,111.0,9164.0,2.0,116.0,
357,2021-08-11,Exeter,E07000041,66.0,9053.0,1.0,114.0,
358,2021-08-10,Exeter,E07000041,94.0,8987.0,1.0,113.0,
359,2021-08-09,Exeter,E07000041,98.0,8893.0,0.0,112.0,
360,2021-08-08,Exeter,E07000041,84.0,8795.0,1.0,112.0,
361,2021-08-07,Exeter,E07000041,108.0,8711.0,0.0,111.0,
362,2021-08-06,Exeter,E07000041,139.0,8603.0,0.0,111.0,
363,2021-08-05,Exeter,E07000041,129.0,8464.0,0.0,111.0,
364,2021-08-04,Exeter,E07000041,119.0,8335.0,0.0,111.0,
365,2021-08-03,Exeter,E07000041,88.0,8216.0,0.0,111.0,
366,2021-08-02,Exeter,E07000041,95.0,8128.0,0.0,111.0,
367,2021-08-01,Exeter,E07000041,96.0,8033.0,1.0,111.0,
368,2021-07-31,Exeter,E07000041,88.0,7937.0,0.0,110.0,
369,2021-07-30,Exeter,E07000041,145.0,7849.0,0.0,110.0,
370,2021-07-29,Exeter,E07000041,130.0,7704.0,0.0,110.0,
371,2021-07-28,Exeter,E07000041,105.0,7574.0,0.0,110.0,
372,2021-07-27,Exeter,E07000041,87.0,7469.0,0.0,110.0,
373,2021-07-26,Exeter,E07000041,71.0,7382.0,0.0,110.0,
374,2021-07-25,Exeter,E07000041,65.0,7311.0,0.0,110.0,
375,2021-07-24,Exeter,E07000041,74.0,7246.0,0.0,110.0,
376,2021-07-23,Exeter,E07000041,52.0,7172.0,0.0,110.0,
377,2021-07-22,Exeter,E07000041,72.0,7120.0,0.0,110.0,
378,2021-07-21,Exeter,E07000041,79.0,7048.0,0.0,110.0,
379,2021-07-20,Exeter,E07000041,86.0,6969.0,0.0,110.0,
380,2021-07-19,Exeter,E07000041,117.0,6883.0,0.0,110.0,
381,2021-07-18,Exeter,E07000041,77.0,6766.0,0.0,110.0,
382,2021-07-17,Exeter,E07000041,66.0,6689.0,0.0,110.0,
383,2021-07-16,Exeter,E07000041,91.0,6623.0,0.0,110.0,
384,2021-07-15,Exeter,E07000041,71.0,6532.0,0.0,110.0,
385,2021-07-14,Exeter,E07000041,64.0,6461.0,0.0,110.0,
386,2021-07-13,Exeter,E07000041,63.0,6397.0,0.0,110.0,
387,2021-07-12,Exeter,E07000041,55.0,6334.0,0.0,110.0,
388,2021-07-11,Exeter,E07000041,33.0,6279.0,0.0,110.0,
389,2021-07-10,Exeter,E07000041,57.0,6246.0,0.0,110.0,
390,2021-07-09,Exeter,E07000041,51.0,6189.0,0.0,110.0,
391,2021-07-08,Exeter,E07000041,83.0,6138.0,0.0,110.0,
392,2021-07-07,Exeter,E07000041,45.0,6055.0,0.0,110.0,
393,2021-07-06,Exeter,E07000041,45.0,6010.0,0.0,110.0,
394,2021-07-05,Exeter,E07000041,70.0,5965.0,0.0,110.0,
395,2021-07-04,Exeter,E07000041,58.0,5895.0,0.0,110.0,
396,2021-07-03,Exeter,E07000041,50.0,5837.0,0.0,110.0,
397,2021-07-02,Exeter,E07000041,52.0,5787.0,0.0,110.0,
398,2021-07-01,Exeter,E07000041,50.0,5735.0,0.0,110.0,
399,2021-06-30,Exeter,E07000041,50.0,5685.0,0.0,110.0,
400,2021-06-29,Exeter,E07000041,29.0,5635.0,0.0,110.0,
401,2021-06-28,Exeter,E07000041,100.0,5606.0,0.0,110.0,
402,2021-06-27,Exeter,E07000041,17.0,5506.0,0.0,110.0,
403,2021-06-26,Exeter,E07000041,36.0,5489.0,0.0,110.0,
404,2021-06-25,Exeter,E07000041,40.0,5453.0,0.0,110.0,
405,2021-06-24,Exeter,E07000041,60.0,5413.0,0.0,110.0,
406,2021-06-23,Exeter,E07000041,47.0,5353.0,0.0,110.0,
407,2021-06-22,Exeter,E07000041,15.0,5306.0,0.0,110.0,
408,2021-06-21,Exeter,E07000041,19.0,5291.0,0.0,110.0,
409,2021-06-20,Exeter,E07000041,45.0,5272.0,0.0,110.0,
410,2021-06-19,Exeter,E07000041,12.0,5227.0,0.0,110.0,
411,2021-06-18,Exeter,E07000041,17.0,5215.0,0.0,110.0,
412,2021-06-17,Exeter,E07000041,22.0,5198.0,0.0,110.0,
413,2021-06-16,Exeter,E07000041,18.0,5176.0,0.0,110.0,
414,2021-06-15,Exeter,E07000041,15.0,5158.0,0.0,110.0,
415,2021-06-14,Exeter,E07000041,24.0,5143.0,0.0,110.0,
416,2021-06-13,Exeter,E07000041,14.0,5119.0,0.0,110.0,
417,2021-06-12,Exeter,E07000041,13.0,5105.0,0.0,110.0,
418,2021-06-11,Exeter,E07000041,8.0,5092.0,0.0,110.0,
419,2021-06-10,Exeter,E07000041,4.0,5084.0,0.0,110.0,
420,2021-06-09,Exeter,E07000041,7.0,5080.0,0.0,110.0,
421,2021-06-08,Exeter,E07000041,8.0,5073.0,0.0,110.0,
422,2021-06-07,Exeter,E07000041,5.0,5065.0,0.0,110.0,
423,2021-06-06,Exeter,E07000041,6.0,5060.0,0.0,110.0,
424,2021-06-05,Exeter,E07000041,4.0,5054.0,0.0,110.0,
425,2021-06-04,Exeter,E07000041,5.0,5050.0,0.0,110.0,
426,2021-06-03,Exeter,E07000041,0.0,5045.0,0.0,110.0,
427,2021-06-02,Exeter,E07000041,0.0,5045.0,0.0,110.0,
428,2021-06-01,Exeter,E07000041,7.0,5047.0,0.0,110.0,
429,2021-05-31,Exeter,E07000041,3.0,5040.0,0.0,110.0,
430,2021-05-30,Exeter,E07000041,0.0,5037.0,0.0,110.0,
431,2021-05-29,Exeter,E07000041,3.0,5038.0,0.0,110.0,
432,2021-05-28,Exeter,E07000041,4.0,5035.0,0.0,110.0,
433,2021-05-27,Exeter,E07000041,0.0,5031.0,0.0,110.0,
434,2021-05-26,Exeter,E07000041,3.0,5031.0,0.0,110.0,
435,2021-05-25,Exeter,E07000041,4.0,5028.0,0.0,110.0,
436,2021-05-24,Exeter,E07000041,4.0,5024.0,0.0,110.0,
437,2021-05-23,Exeter,E07000041,1.0,5020.0,0.0,110.0,
438,2021-05-22,Exeter,E07000041,2.0,5019.0,0.0,110.0,
439,2021-05-21,Exeter,E07000041,0.0,5017.0,0.0,110.0,
440,2021-05-20,Exeter,E07000041,7.0,5017.0,0.0,110.0,
441,2021-05-19,Exeter,E07000041,2.0,5010.0,0.0,110.0,
442,2021-05-18,Exeter,E07000041,0.0,5008.0,0.0,110.0,
443,2021-05-17,Exeter,E07000041,2.0,5015.0,0.0,110.0,
444,2021-05-16,Exeter,E07000041,1.0,5013.0,0.0,110.0,
445,2021-05-15,Exeter,E07000041,1.0,5012.0,0.0,110.0,
446,2021-05-14,Exeter,E07000041,0.0,5011.0,0.0,110.0,
447,2021-05-13,Exeter,E07000041,2.0,5011.0,0.0,110.0,
448,2021-05-12,Exeter,E07000041,1.0,5009.0,0.0,110.0,
449,2021-05-11,Exeter,E07000041,3.0,5008.0,0.0,110.0,
450,2021-05-10,Exeter,E07000041,0.0,5005.0,0.0,110.0,
451,2021-05-09,Exeter,E07000041,2.0,5005.0,0.0,110.0,
452,2021-05-08,Exeter,E07000041,0.0,5003.0,0.0,110.0,
453,2021-05-07,Exeter,E07000041,1.0,5004.0,0.0,110.0,
454,2021-05-06,Exeter,E07000041,2.0,5003.0,0.0,110.0,
455,2021-05-05,Exeter,E07000041,4.0,5001.0,0.0,110.0,
456,2021-05-04,Exeter,E07000041,0.0,4997.0,0.0,110.0,
457,2021-05-03,Exeter,E07000041,4.0,4999.0,0.0,110.0,
458,2021-05-02,Exeter,E07000041,0.0,4995.0,0.0,110.0,
459,2021-05-01,Exeter,E07000041,4.0,4995.0,0.0,110.0,
460,2021-04-30,Exeter,E07000041,4.0,4991.0,0.0,110.0,
461,2021-04-29,Exeter,E07000041,4.0,4987.0,0.0,110.0,
462,2021-04-28,Exeter,E07000041,6.0,4983.0,0.0,110.0,
463,2021-04-27,Exeter,E07000041,3.0,4977.0,0.0,110.0,
464,2021-04-26,Exeter,E07000041,2.0,4974.0,0.0,110.0,
465,2021-04-25,Exeter,E07000041,2.0,4972.0,0.0,110.0,
466,2021-04-24,Exeter,E07000041,0.0,4970.0,0.0,110.0,
467,2021-04-23,Exeter,E07000041,2.0,4970.0,0.0,110.0,
468,2021-04-22,Exeter,E07000041,1.0,4968.0,0.0,110.0,
469,2021-04-21,Exeter,E07000041,5.0,4967.0,0.0,110.0,
470,2021-04-20,Exeter,E07000041,2.0,4962.0,0.0,110.0,
471,2021-04-19,Exeter,E07000041,3.0,4960.0,0.0,110.0,
472,2021-04-18,Exeter,E07000041,0.0,4957.0,0.0,110.0,
473,2021-04-17,Exeter,E07000041,5.0,4958.0,0.0,110.0,
474,2021-04-16,Exeter,E07000041,3.0,4953.0,0.0,110.0,
475,2021-04-15,Exeter,E07000041,1.0,4950.0,0.0,110.0,
476,2021-04-14,Exeter,E07000041,2.0,4949.0,0.0,110.0,
477,2021-04-13,Exeter,E07000041,4.0,4947.0,0.0,110.0,
478,2021-04-12,Exeter,E07000041,1.0,4943.0,0.0,110.0,
479,2021-04-11,Exeter,E07000041,1.0,4942.0,0.0,110.0,
480,2021-04-10,Exeter,E07000041,2.0,4941.0,0.0,110.0,
481,2021-04-09,Exeter,E07000041,0.0,4939.0,0.0,110.0,
482,2021-04-08,Exeter,E07000041,0.0,4946.0,0.0,110.0,
483,2021-04-07,Exeter,E07000041,2.0,4946.0,0.0,110.0,
484,2021-04-06,Exeter,E07000041,0.0,4944.0,0.0,110.0,
485,2021-04-05,Exeter,E07000041,0.0,4944.0,0.0,110.0,
486,2021-04-04,Exeter,E07000041,5.0,4945.0,0.0,110.0,
487,2021-04-03,Exeter,E07000041,1.0,4940.0,0.0,110.0,
488,2021-04-02,Exeter,E07000041,2.0,4939.0,0.0,110.0,
489,2021-04-01,Exeter,E07000041,1.0,4937.0,1.0,110.0,
490,2021-03-31,Exeter,E07000041,8.0,4936.0,0.0,109.0,
491,2021-03-30,Exeter,E07000041,3.0,4928.0,0.0,109.0,
492,2021-03-29,Exeter,E07000041,3.0,4925.0,0.0,109.0,
493,2021-03-28,Exeter,E07000041,4.0,4922.0,0.0,109.0,
494,2021-03-27,Exeter,E07000041,4.0,4918.0,0.0,109.0,
495,2021-03-26,Exeter,E07000041,5.0,4914.0,0.0,109.0,
496,2021-03-25,Exeter,E07000041,2.0,4909.0,0.0,109.0,
497,2021-03-24,Exeter,E07000041,4.0,4907.0,0.0,109.0,
498,2021-03-23,Exeter,E07000041,0.0,4903.0,0.0,109.0,
499,2021-03-22,Exeter,E07000041,5.0,4903.0,0.0,109.0,
500,2021-03-21,Exeter,E07000041,0.0,4898.0,0.0,109.0,
501,2021-03-20,Exeter,E07000041,3.0,4898.0,0.0,109.0,
502,2021-03-19,Exeter,E07000041,4.0,4895.0,0.0,109.0,
503,2021-03-18,Exeter,E07000041,8.0,4891.0,0.0,109.0,
504,2021-03-17,Exeter,E07000041,3.0,4883.0,0.0,109.0,
505,2021-03-16,Exeter,E07000041,9.0,4880.0,0.0,109.0,
506,2021-03-15,Exeter,E07000041,1.0,4871.0,0.0,109.0,
507,2021-03-14,Exeter,E07000041,3.0,4870.0,0.0,109.0,
508,2021-03-13,Exeter,E07000041,6.0,4867.0,1.0,109.0,
509,2021-03-12,Exeter,E07000041,5.0,4861.0,0.0,108.0,
510,2021-03-11,Exeter,E07000041,4.0,4856.0,0.0,108.0,
511,2021-03-10,Exeter,E07000041,3.0,4852.0,0.0,108.0,
512,2021-03-09,Exeter,E07000041,3.0,4849.0,0.0,108.0,
513,2021-03-08,Exeter,E07000041,6.0,4846.0,0.0,108.0,
514,2021-03-07,Exeter,E07000041,7.0,4840.0,0.0,108.0,
515,2021-03-06,Exeter,E07000041,5.0,4833.0,1.0,108.0,
516,2021-03-05,Exeter,E07000041,1.0,4828.0,0.0,107.0,
517,2021-03-04,Exeter,E07000041,6.0,4827.0,0.0,107.0,
518,2021-03-03,Exeter,E07000041,2.0,4821.0,1.0,107.0,
519,2021-03-02,Exeter,E07000041,7.0,4819.0,0.0,106.0,
520,2021-03-01,Exeter,E07000041,0.0,4812.0,0.0,106.0,
521,2021-02-28,Exeter,E07000041,5.0,4813.0,0.0,106.0,
522,2021-02-27,Exeter,E07000041,9.0,4808.0,0.0,106.0,
523,2021-02-26,Exeter,E07000041,11.0,4799.0,0.0,106.0,
524,2021-02-25,Exeter,E07000041,7.0,4788.0,0.0,106.0,
525,2021-02-24,Exeter,E07000041,12.0,4781.0,0.0,106.0,
526,2021-02-23,Exeter,E07000041,10.0,4769.0,0.0,106.0,
527,2021-02-22,Exeter,E07000041,13.0,4759.0,0.0,106.0,
528,2021-02-21,Exeter,E07000041,7.0,4746.0,1.0,106.0,
529,2021-02-20,Exeter,E07000041,10.0,4739.0,1.0,105.0,
530,2021-02-19,Exeter,E07000041,13.0,4729.0,0.0,104.0,
531,2021-02-18,Exeter,E07000041,13.0,4716.0,0.0,104.0,
532,2021-02-17,Exeter,E07000041,5.0,4703.0,0.0,104.0,
533,2021-02-16,Exeter,E07000041,3.0,4698.0,0.0,104.0,
534,2021-02-15,Exeter,E07000041,4.0,4695.0,0.0,104.0,
535,2021-02-14,Exeter,E07000041,26.0,4691.0,0.0,104.0,
536,2021-02-13,Exeter,E07000041,28.0,4665.0,0.0,104.0,
537,2021-02-12,Exeter,E07000041,13.0,4637.0,0.0,104.0,
538,2021-02-11,Exeter,E07000041,14.0,4624.0,0.0,104.0,
539,2021-02-10,Exeter,E07000041,3.0,4610.0,1.0,104.0,
540,2021-02-09,Exeter,E07000041,12.0,4607.0,0.0,103.0,
541,2021-02-08,Exeter,E07000041,11.0,4595.0,0.0,103.0,
542,2021-02-07,Exeter,E07000041,11.0,4584.0,3.0,103.0,
543,2021-02-06,Exeter,E07000041,4.0,4573.0,1.0,100.0,
544,2021-02-05,Exeter,E07000041,3.0,4569.0,0.0,99.0,
545,2021-02-04,Exeter,E07000041,1.0,4566.0,1.0,99.0,
546,2021-02-03,Exeter,E07000041,5.0,4565.0,1.0,98.0,
547,2021-02-02,Exeter,E07000041,7.0,4560.0,2.0,97.0,
548,2021-02-01,Exeter,E07000041,14.0,4553.0,0.0,95.0,
549,2021-01-31,Exeter,E07000041,13.0,4539.0,0.0,95.0,
550,2021-01-30,Exeter,E07000041,8.0,4526.0,1.0,95.0,
551,2021-01-29,Exeter,E07000041,13.0,4518.0,1.0,94.0,
552,2021-01-28,Exeter,E07000041,13.0,4505.0,0.0,93.0,
553,2021-01-27,Exeter,E07000041,12.0,4492.0,0.0,93.0,
554,2021-01-26,Exeter,E07000041,23.0,4480.0,2.0,93.0,
555,2021-01-25,Exeter,E07000041,17.0,4457.0,0.0,91.0,
556,2021-01-24,Exeter,E07000041,16.0,4440.0,0.0,91.0,
557,2021-01-23,Exeter,E07000041,16.0,4424.0,1.0,91.0,
558,2021-01-22,Exeter,E07000041,34.0,4408.0,0.0,90.0,
559,2021-01-21,Exeter,E07000041,24.0,4374.0,3.0,90.0,
560,2021-01-20,Exeter,E07000041,33.0,4350.0,2.0,87.0,
561,2021-01-19,Exeter,E07000041,32.0,4317.0,0.0,85.0,
562,2021-01-18,Exeter,E07000041,60.0,4285.0,0.0,85.0,
563,2021-01-17,Exeter,E07000041,27.0,4225.0,0.0,85.0,
564,2021-01-16,Exeter,E07000041,48.0,4198.0,4.0,85.0,
565,2021-01-15,Exeter,E07000041,46.0,4150.0,1.0,81.0,
566,2021-01-14,Exeter,E07000041,68.0,4104.0,3.0,80.0,
567,2021-01-13,Exeter,E07000041,33.0,4036.0,1.0,77.0,
568,2021-01-12,Exeter,E07000041,40.0,4003.0,3.0,76.0,
569,2021-01-11,Exeter,E07000041,56.0,3963.0,3.0,73.0,
570,2021-01-10,Exeter,E07000041,56.0,3907.0,0.0,70.0,
571,2021-01-09,Exeter,E07000041,40.0,3851.0,1.0,70.0,
572,2021-01-08,Exeter,E07000041,89.0,3811.0,3.0,69.0,
573,2021-01-07,Exeter,E07000041,111.0,3722.0,0.0,66.0,
574,2021-01-06,Exeter,E07000041,41.0,3611.0,2.0,66.0,
575,2021-01-05,Exeter,E07000041,46.0,3570.0,0.0,64.0,
576,2021-01-04,Exeter,E07000041,45.0,3524.0,0.0,64.0,
577,2021-01-03,Exeter,E07000041,24.0,3479.0,1.0,64.0,
578,2021-01-02,Exeter,E07000041,49.0,3455.0,1.0,63.0,
579,2021-01-01,Exeter,E07000041,58.0,3406.0,0.0,62.0,
580,2020-12-31,Exeter,E07000041,25.0,3348.0,1.0,62.0,
581,2020-12-30,Exeter,E07000041,48.0,3323.0,0.0,61.0,
582,2020-12-29,Exeter,E07000041,25.0,3275.0,0.0,61.0,
583,2020-12-28,Exeter,E07000041,35.0,3250.0,1.0,61.0,
584,2020-12-27,Exeter,E07000041,27.0,3215.0,0.0,60.0,
585,2020-12-26,Exeter,E07000041,34.0,3188.0,0.0,60.0,
586,2020-12-25,Exeter,E07000041,16.0,3154.0,1.0,60.0,
587,2020-12-24,Exeter,E07000041,22.0,3138.0,1.0,59.0,
588,2020-12-23,Exeter,E07000041,39.0,3116.0,1.0,58.0,
589,2020-12-22,Exeter,E07000041,31.0,3077.0,1.0,57.0,
590,2020-12-21,Exeter,E07000041,40.0,3046.0,0.0,56.0,
591,2020-12-20,Exeter,E07000041,19.0,3006.0,0.0,56.0,
592,2020-12-19,Exeter,E07000041,26.0,2987.0,1.0,56.0,
593,2020-12-18,Exeter,E07000041,29.0,2961.0,1.0,55.0,
594,2020-12-17,Exeter,E07000041,25.0,2932.0,0.0,54.0,
595,2020-12-16,Exeter,E07000041,10.0,2907.0,1.0,54.0,
596,2020-12-15,Exeter,E07000041,17.0,2897.0,0.0,53.0,
597,2020-12-14,Exeter,E07000041,27.0,2880.0,1.0,53.0,
598,2020-12-13,Exeter,E07000041,21.0,2853.0,0.0,52.0,
599,2020-12-12,Exeter,E07000041,3.0,2832.0,2.0,52.0,
600,2020-12-11,Exeter,E07000041,12.0,2829.0,0.0,50.0,
601,2020-12-10,Exeter,E07000041,21.0,2817.0,2.0,50.0,
602,2020-12-09,Exeter,E07000041,19.0,2796.0,1.0,48.0,
603,2020-12-08,Exeter,E07000041,10.0,2777.0,1.0,47.0,
604,2020-12-07,Exeter,E07000041,24.0,2767.0,2.0,46.0,
605,2020-12-06,Exeter,E07000041,10.0,2743.0,0.0,44.0,
606,2020-12-05,Exeter,E07000041,15.0,2733.0,1.0,44.0,
607,2020-12-04,Exeter,E07000041,22.0,2718.0,1.0,43.0,
608,2020-12-03,Exeter,E07000041,32.0,2696.0,0.0,42.0,
609,2020-12-02,Exeter,E07000041,16.0,2664.0,1.0,42.0,
610,2020-12-01,Exeter,E07000041,25.0,2648.0,0.0,41.0,
611,2020-11-30,Exeter,E07000041,14.0,2623.0,0.0,41.0,
612,2020-11-29,Exeter,E07000041,21.0,2609.0,1.0,41.0,
613,2020-11-28,Exeter,E07000041,19.0,2588.0,0.0,40.0,
614,2020-11-27,Exeter,E07000041,11.0,2569.0,4.0,40.0,
615,2020-11-26,Exeter,E07000041,28.0,2558.0,0.0,36.0,
616,2020-11-25,Exeter,E07000041,21.0,2530.0,2.0,36.0,
617,2020-11-24,Exeter,E07000041,13.0,2509.0,2.0,34.0,
618,2020-11-23,Exeter,E07000041,20.0,2496.0,0.0,32.0,
619,2020-11-22,Exeter,E07000041,19.0,2476.0,0.0,32.0,
620,2020-11-21,Exeter,E07000041,29.0,2457.0,3.0,32.0,
621,2020-11-20,Exeter,E07000041,26.0,2428.0,1.0,29.0,
622,2020-11-19,Exeter,E07000041,28.0,2402.0,0.0,28.0,
623,2020-11-18,Exeter,E07000041,22.0,2374.0,0.0,28.0,
624,2020-11-17,Exeter,E07000041,42.0,2352.0,1.0,28.0,
625,2020-11-16,Exeter,E07000041,0.0,2310.0,0.0,27.0,
626,2020-11-15,Exeter,E07000041,20.0,2366.0,1.0,27.0,
627,2020-11-14,Exeter,E07000041,67.0,2346.0,0.0,26.0,
628,2020-11-13,Exeter,E07000041,24.0,2279.0,0.0,26.0,
629,2020-11-12,Exeter,E07000041,40.0,2255.0,0.0,26.0,
630,2020-11-11,Exeter,E07000041,25.0,2215.0,1.0,26.0,
631,2020-11-10,Exeter,E07000041,25.0,2190.0,0.0,25.0,
632,2020-11-09,Exeter,E07000041,36.0,2165.0,0.0,25.0,
633,2020-11-08,Exeter,E07000041,11.0,2129.0,0.0,25.0,
634,2020-11-07,Exeter,E07000041,32.0,2118.0,0.0,25.0,
635,2020-11-06,Exeter,E07000041,29.0,2086.0,0.0,25.0,
636,2020-11-05,Exeter,E07000041,22.0,2057.0,0.0,25.0,
637,2020-11-04,Exeter,E07000041,29.0,2035.0,0.0,25.0,
638,2020-11-03,Exeter,E07000041,33.0,2006.0,0.0,25.0,
639,2020-11-02,Exeter,E07000041,15.0,1973.0,0.0,25.0,
640,2020-11-01,Exeter,E07000041,28.0,1958.0,0.0,25.0,
641,2020-10-31,Exeter,E07000041,40.0,1930.0,0.0,25.0,
642,2020-10-30,Exeter,E07000041,35.0,1890.0,0.0,25.0,
643,2020-10-29,Exeter,E07000041,16.0,1855.0,1.0,25.0,
644,2020-10-28,Exeter,E07000041,29.0,1839.0,0.0,24.0,
645,2020-10-27,Exeter,E07000041,16.0,1810.0,0.0,24.0,
646,2020-10-26,Exeter,E07000041,36.0,1794.0,0.0,24.0,
647,2020-10-25,Exeter,E07000041,49.0,1758.0,0.0,24.0,
648,2020-10-24,Exeter,E07000041,15.0,1709.0,0.0,24.0,
649,2020-10-23,Exeter,E07000041,22.0,1694.0,0.0,24.0,
650,2020-10-22,Exeter,E07000041,57.0,1672.0,0.0,24.0,
651,2020-10-21,Exeter,E07000041,55.0,1615.0,0.0,24.0,
652,2020-10-20,Exeter,E07000041,36.0,1560.0,0.0,24.0,
653,2020-10-19,Exeter,E07000041,23.0,1524.0,0.0,24.0,
654,2020-10-18,Exeter,E07000041,10.0,1501.0,0.0,24.0,
655,2020-10-17,Exeter,E07000041,49.0,1491.0,0.0,24.0,
656,2020-10-16,Exeter,E07000041,39.0,1442.0,0.0,24.0,
657,2020-10-15,Exeter,E07000041,77.0,1403.0,0.0,24.0,
658,2020-10-14,Exeter,E07000041,54.0,1326.0,0.0,24.0,
659,2020-10-13,Exeter,E07000041,61.0,1272.0,0.0,24.0,
660,2020-10-12,Exeter,E07000041,31.0,1211.0,0.0,24.0,
661,2020-10-11,Exeter,E07000041,41.0,1180.0,0.0,24.0,
662,2020-10-10,Exeter,E07000041,76.0,1139.0,0.0,24.0,
663,2020-10-09,Exeter,E07000041,74.0,1063.0,0.0,24.0,
664,2020-10-08,Exeter,E07000041,138.0,989.0,0.0,24.0,
665,2020-10-07,Exeter,E07000041,71.0,851.0,0.0,24.0,
666,2020-10-06,Exeter,E07000041,35.0,780.0,0.0,24.0,
667,2020-10-05,Exeter,E07000041,128.0,745.0,0.0,24.0,
668,2020-10-04,Exeter,E07000041,119.0,617.0,0.0,24.0,
669,2020-10-03,Exeter,E07000041,38.0,498.0,0.0,24.0,
670,2020-10-02,Exeter,E07000041,29.0,460.0,0.0,24.0,
671,2020-10-01,Exeter,E07000041,13.0,431.0,0.0,24.0,
672,2020-09-30,Exeter,E07000041,23.0,418.0,0.0,24.0,
673,2020-09-29,Exeter,E07000041,10.0,395.0,0.0,24.0,
674,2020-09-28,Exeter,E07000041,8.0,385.0,0.0,24.0,
675,2020-09-27,Exeter,E07000041,7.0,377.0,0.0,24.0,
676,2020-09-26,Exeter,E07000041,17.0,370.0,0.0,24.0,
677,2020-09-25,Exeter,E07000041,21.0,353.0,0.0,24.0,
678,2020-09-24,Exeter,E07000041,3.0,332.0,0.0,24.0,
679,2020-09-23,Exeter,E07000041,5.0,329.0,0.0,24.0,
680,2020-09-22,Exeter,E07000041,15.0,324.0,0.0,24.0,
681,2020-09-21,Exeter,E07000041,2.0,309.0,0.0,24.0,
682,2020-09-20,Exeter,E07000041,4.0,307.0,0.0,24.0,
683,2020-09-19,Exeter,E07000041,0.0,303.0,0.0,24.0,
684,2020-09-18,Exeter,E07000041,2.0,303.0,0.0,24.0,
685,2020-09-17,Exeter,E07000041,1.0,301.0,0.0,24.0,
686,2020-09-16,Exeter,E07000041,2.0,300.0,0.0,24.0,
687,2020-09-15,Exeter,E07000041,1.0,298.0,0.0,24.0,
688,2020-09-14,Exeter,E07000041,2.0,297.0,0.0,24.0,
689,2020-09-13,Exeter,E07000041,2.0,295.0,0.0,24.0,
690,2020-09-12,Exeter,E07000041,2.0,293.0,0.0,24.0,
691,2020-09-11,Exeter,E07000041,1.0,291.0,0.0,24.0,
692,2020-09-10,Exeter,E07000041,5.0,290.0,0.0,24.0,
693,2020-09-09,Exeter,E07000041,2.0,285.0,0.0,24.0,
694,2020-09-08,Exeter,E07000041,3.0,283.0,0.0,24.0,
695,2020-09-07,Exeter,E07000041,1.0,280.0,0.0,24.0,
696,2020-09-06,Exeter,E07000041,2.0,279.0,0.0,24.0,
697,2020-09-05,Exeter,E07000041,3.0,277.0,0.0,24.0,
698,2020-09-04,Exeter,E07000041,0.0,274.0,0.0,24.0,
699,2020-09-03,Exeter,E07000041,1.0,274.0,0.0,24.0,
700,2020-09-02,Exeter,E07000041,0.0,273.0,0.0,24.0,
701,2020-09-01,Exeter,E07000041,0.0,273.0,0.0,24.0,
702,2020-08-31,Exeter,E07000041,1.0,273.0,0.0,24.0,
703,2020-08-30,Exeter,E07000041,3.0,272.0,0.0,24.0,
704,2020-08-29,Exeter,E07000041,2.0,269.0,0.0,24.0,
705,2020-08-28,Exeter,E07000041,2.0,267.0,0.0,24.0,
706,2020-08-27,Exeter,E07000041,0.0,265.0,0.0,24.0,
707,2020-08-26,Exeter,E07000041,1.0,265.0,0.0,24.0,
708,2020-08-25,Exeter,E07000041,1.0,264.0,0.0,24.0,
709,2020-08-24,Exeter,E07000041,1.0,263.0,0.0,24.0,
710,2020-08-23,Exeter,E07000041,1.0,262.0,0.0,24.0,
711,2020-08-22,Exeter,E07000041,3.0,261.0,1.0,24.0,
712,2020-08-21,Exeter,E07000041,2.0,258.0,0.0,23.0,
713,2020-08-20,Exeter,E07000041,0.0,256.0,0.0,23.0,
714,2020-08-19,Exeter,E07000041,1.0,256.0,0.0,23.0,
715,2020-08-18,Exeter,E07000041,1.0,255.0,0.0,23.0,
716,2020-08-17,Exeter,E07000041,0.0,254.0,0.0,23.0,
717,2020-08-16,Exeter,E07000041,0.0,254.0,0.0,23.0,
718,2020-08-15,Exeter,E07000041,0.0,254.0,0.0,23.0,
719,2020-08-14,Exeter,E07000041,3.0,254.0,0.0,23.0,
720,2020-08-13,Exeter,E07000041,0.0,251.0,0.0,23.0,
721,2020-08-12,Exeter,E07000041,0.0,251.0,0.0,23.0,
722,2020-08-11,Exeter,E07000041,1.0,251.0,0.0,23.0,
723,2020-08-10,Exeter,E07000041,0.0,250.0,0.0,23.0,
724,2020-08-09,Exeter,E07000041,0.0,250.0,0.0,23.0,
725,2020-08-08,Exeter,E07000041,0.0,250.0,0.0,23.0,
726,2020-08-07,Exeter,E07000041,0.0,250.0,0.0,23.0,
727,2020-08-06,Exeter,E07000041,0.0,250.0,0.0,23.0,
728,2020-08-05,Exeter,E07000041,0.0,250.0,0.0,23.0,
729,2020-08-04,Exeter,E07000041,1.0,250.0,0.0,23.0,
730,2020-08-03,Exeter,E07000041,1.0,249.0,0.0,23.0,
731,2020-08-02,Exeter,E07000041,0.0,248.0,0.0,23.0,
732,2020-08-01,Exeter,E07000041,0.0,248.0,0.0,23.0,
733,2020-07-31,Exeter,E07000041,0.0,248.0,0.0,23.0,
734,2020-07-30,Exeter,E07000041,1.0,248.0,0.0,23.0,
735,2020-07-29,Exeter,E07000041,0.0,247.0,0.0,23.0,
736,2020-07-28,Exeter,E07000041,0.0,247.0,0.0,23.0,
737,2020-07-27,Exeter,E07000041,0.0,247.0,0.0,23.0,
738,2020-07-26,Exeter,E07000041,3.0,247.0,0.0,23.0,
739,2020-07-25,Exeter,E07000041,0.0,244.0,0.0,23.0,
740,2020-07-24,Exeter,E07000041,0.0,244.0,0.0,23.0,
741,2020-07-23,Exeter,E07000041,1.0,244.0,0.0,23.0,
742,2020-07-22,Exeter,E07000041,0.0,243.0,0.0,23.0,
743,2020-07-21,Exeter,E07000041,1.0,243.0,0.0,23.0,
744,2020-07-20,Exeter,E07000041,2.0,242.0,0.0,23.0,
745,2020-07-19,Exeter,E07000041,0.0,240.0,0.0,23.0,
746,2020-07-18,Exeter,E07000041,1.0,240.0,1.0,23.0,
747,2020-07-17,Exeter,E07000041,0.0,239.0,0.0,22.0,
748,2020-07-16,Exeter,E07000041,0.0,239.0,0.0,22.0,
749,2020-07-15,Exeter,E07000041,0.0,239.0,0.0,22.0,
750,2020-07-14,Exeter,E07000041,2.0,239.0,0.0,22.0,
751,2020-07-13,Exeter,E07000041,0.0,237.0,0.0,22.0,
752,2020-07-12,Exeter,E07000041,1.0,237.0,0.0,22.0,
753,2020-07-11,Exeter,E07000041,2.0,236.0,0.0,22.0,
754,2020-07-10,Exeter,E07000041,0.0,234.0,0.0,22.0,
755,2020-07-09,Exeter,E07000041,0.0,234.0,0.0,22.0,
756,2020-07-08,Exeter,E07000041,0.0,234.0,0.0,22.0,
757,2020-07-07,Exeter,E07000041,0.0,234.0,0.0,22.0,
758,2020-07-06,Exeter,E07000041,0.0,234.0,0.0,22.0,
759,2020-07-05,Exeter,E07000041,0.0,234.0,0.0,22.0,
760,2020-07-04,Exeter,E07000041,0.0,234.0,0.0,22.0,
761,2020-07-03,Exeter,E07000041,0.0,234.0,0.0,22.0,
762,2020-07-02,Exeter,E07000041,0.0,234.0,0.0,22.0,
763,2020-07-01,Exeter,E07000041,60.0,234.0,0.0,22.0,
764,2020-06-30,Exeter,E07000041,0.0,174.0,0.0,22.0,
765,2020-06-29,Exeter,E07000041,0.0,174.0,0.0,22.0,
766,2020-06-28,Exeter,E07000041,0.0,174.0,0.0,22.0,
767,2020-06-27,Exeter,E07000041,0.0,174.0,0.0,22.0,
768,2020-06-26,Exeter,E07000041,0.0,174.0,0.0,22.0,
769,2020-06-25,Exeter,E07000041,0.0,174.0,0.0,22.0,
770,2020-06-24,Exeter,E07000041,0.0,174.0,0.0,22.0,
771,2020-06-23,Exeter,E07000041,0.0,174.0,0.0,22.0,
772,2020-06-22,Exeter,E07000041,0.0,174.0,0.0,22.0,
773,2020-06-21,Exeter,E07000041,0.0,174.0,0.0,22.0,
774,2020-06-20,Exeter,E07000041,1.0,174.0,0.0,22.0,
775,2020-06-19,Exeter,E07000041,1.0,173.0,0.0,22.0,
776,2020-06-18,Exeter,E07000041,0.0,172.0,0.0,22.0,
777,2020-06-17,Exeter,E07000041,0.0,172.0,0.0,22.0,
778,2020-06-16,Exeter,E07000041,0.0,172.0,0.0,22.0,
779,2020-06-15,Exeter,E07000041,0.0,172.0,0.0,22.0,
780,2020-06-14,Exeter,E07000041,0.0,172.0,0.0,22.0,
781,2020-06-13,Exeter,E07000041,2.0,172.0,0.0,22.0,
782,2020-06-12,Exeter,E07000041,0.0,170.0,0.0,22.0,
783,2020-06-11,Exeter,E07000041,0.0,170.0,0.0,22.0,
784,2020-06-10,Exeter,E07000041,1.0,170.0,0.0,22.0,
785,2020-06-09,Exeter,E07000041,0.0,169.0,0.0,22.0,
786,2020-06-08,Exeter,E07000041,0.0,169.0,0.0,22.0,
787,2020-06-07,Exeter,E07000041,0.0,169.0,0.0,22.0,
788,2020-06-06,Exeter,E07000041,0.0,169.0,0.0,22.0,
789,2020-06-05,Exeter,E07000041,0.0,169.0,0.0,22.0,
790,2020-06-04,Exeter,E07000041,0.0,169.0,0.0,22.0,
791,2020-06-03,Exeter,E07000041,0.0,169.0,0.0,22.0,
792,2020-06-02,Exeter,E07000041,0.0,169.0,0.0,22.0,
793,2020-06-01,Exeter,E07000041,1.0,169.0,0.0,22.0,
794,2020-05-31,Exeter,E07000041,0.0,168.0,0.0,22.0,
795,2020-05-30,Exeter,E07000041,0.0,168.0,0.0,22.0,
796,2020-05-29,Exeter,E07000041,0.0,168.0,0.0,22.0,
797,2020-05-28,Exeter,E07000041,0.0,169.0,0.0,22.0,
798,2020-05-27,Exeter,E07000041,1.0,169.0,0.0,22.0,
799,2020-05-26,Exeter,E07000041,0.0,168.0,0.0,22.0,
800,2020-05-25,Exeter,E07000041,0.0,168.0,0.0,22.0,
801,2020-05-24,Exeter,E07000041,0.0,168.0,0.0,22.0,
802,2020-05-23,Exeter,E07000041,0.0,168.0,0.0,22.0,
803,2020-05-22,Exeter,E07000041,1.0,168.0,0.0,22.0,
804,2020-05-21,Exeter,E07000041,1.0,167.0,0.0,22.0,
805,2020-05-20,Exeter,E07000041,1.0,166.0,1.0,22.0,
806,2020-05-19,Exeter,E07000041,0.0,165.0,0.0,21.0,
807,2020-05-18,Exeter,E07000041,0.0,165.0,0.0,21.0,
808,2020-05-17,Exeter,E07000041,0.0,165.0,0.0,21.0,
809,2020-05-16,Exeter,E07000041,1.0,165.0,0.0,21.0,
810,2020-05-15,Exeter,E07000041,0.0,164.0,0.0,21.0,
811,2020-05-14,Exeter,E07000041,1.0,164.0,0.0,21.0,
812,2020-05-13,Exeter,E07000041,0.0,163.0,0.0,21.0,
813,2020-05-12,Exeter,E07000041,0.0,163.0,0.0,21.0,
814,2020-05-11,Exeter,E07000041,0.0,163.0,0.0,21.0,
815,2020-05-10,Exeter,E07000041,2.0,163.0,0.0,21.0,
816,2020-05-09,Exeter,E07000041,0.0,161.0,0.0,21.0,
817,2020-05-08,Exeter,E07000041,0.0,161.0,0.0,21.0,
818,2020-05-07,Exeter,E07000041,1.0,162.0,0.0,21.0,
819,2020-05-06,Exeter,E07000041,1.0,161.0,0.0,21.0,
820,2020-05-05,Exeter,E07000041,4.0,160.0,0.0,21.0,
821,2020-05-04,Exeter,E07000041,2.0,156.0,0.0,21.0,
822,2020-05-03,Exeter,E07000041,1.0,154.0,0.0,21.0,
823,2020-05-02,Exeter,E07000041,1.0,153.0,0.0,21.0,
824,2020-05-01,Exeter,E07000041,1.0,152.0,0.0,21.0,
825,2020-04-30,Exeter,E07000041,3.0,151.0,0.0,21.0,
826,2020-04-29,Exeter,E07000041,0.0,148.0,0.0,21.0,
827,2020-04-28,Exeter,E07000041,0.0,148.0,0.0,21.0,
828,2020-04-27,Exeter,E07000041,1.0,148.0,0.0,21.0,
829,2020-04-26,Exeter,E07000041,5.0,147.0,0.0,21.0,
830,2020-04-25,Exeter,E07000041,1.0,142.0,0.0,21.0,
831,2020-04-24,Exeter,E07000041,1.0,141.0,0.0,21.0,
832,2020-04-23,Exeter,E07000041,3.0,140.0,0.0,21.0,
833,2020-04-22,Exeter,E07000041,7.0,137.0,0.0,21.0,
834,2020-04-21,Exeter,E07000041,,,1.0,21.0,
835,2020-04-20,Exeter,E07000041,,,1.0,20.0,
836,2020-04-19,Exeter,E07000041,,,0.0,19.0,
837,2020-04-18,Exeter,E07000041,,,1.0,19.0,
838,2020-04-17,Exeter,E07000041,,,0.0,18.0,
839,2020-04-16,Exeter,E07000041,,,0.0,18.0,
840,2020-04-15,Exeter,E07000041,,,2.0,18.0,
841,2020-04-14,Exeter,E07000041,,,1.0,16.0,
842,2020-04-13,Exeter,E07000041,,,1.0,15.0,
843,2020-04-12,Exeter,E07000041,,,0.0,14.0,
844,2020-04-11,Exeter,E07000041,,,1.0,14.0,
845,2020-04-10,Exeter,E07000041,,,1.0,13.0,
846,2020-04-09,Exeter,E07000041,,,0.0,12.0,
847,2020-04-08,Exeter,E07000041,,,0.0,12.0,
848,2020-04-07,Exeter,E07000041,,,1.0,12.0,
849,2020-04-06,Exeter,E07000041,,,2.0,11.0,
850,2020-04-05,Exeter,E07000041,,,1.0,9.0,
851,2020-04-04,Exeter,E07000041,,,1.0,8.0,
852,2020-04-03,Exeter,E07000041,,,0.0,7.0,
853,2020-04-02,Exeter,E07000041,,,0.0,7.0,
854,2020-04-01,Exeter,E07000041,,,0.0,7.0,
855,2020-03-31,Exeter,E07000041,,,1.0,7.0,
856,2020-03-30,Exeter,E07000041,,,0.0,6.0,
857,2020-03-29,Exeter,E07000041,,,0.0,6.0,
858,2020-03-28,Exeter,E07000041,,,2.0,6.0,
859,2020-03-27,Exeter,E07000041,,,0.0,4.0,
860,2020-03-26,Exeter,E07000041,,,1.0,4.0,
861,2020-03-25,Exeter,E07000041,,,0.0,3.0,
862,2020-03-24,Exeter,E07000041,,,0.0,3.0,
863,2020-03-23,Exeter,E07000041,,,1.0,3.0,
864,2020-03-22,Exeter,E07000041,,,1.0,2.0,
865,2020-03-21,Exeter,E07000041,,,0.0,1.0,
866,2020-03-20,Exeter,E07000041,,,0.0,1.0,
867,2020-03-19,Exeter,E07000041,,,0.0,1.0,
868,2020-03-18,Exeter,E07000041,,,0.0,1.0,
869,2020-03-17,Exeter,E07000041,,,0.0,1.0,
870,2020-03-16,Exeter,E07000041,,,0.0,1.0,
871,2020-03-15,Exeter,E07000041,,,1.0,1.0,
